[{"uuid": "fd3f8b4b-21ec-4c80-91f0-4fca3788a645", "name": "(BETA) VMware Onboarding Experience", "description": null, "catalogItemType": "WebAppLink", "labels": [{"id": 64185, "name": "XR Apps", "_links": {}}], "visible": true, "internal": true, "_links": {"hw-icon": {"href": "/SAAS/jersey/manager/api/images/566337"}, "hw-approval": {"href": "/SAAS/jersey/manager/api/entitlements/definitions/catalogitems/fd3f8b4b-21ec-4c80-91f0-4fca3788a645/approval"}, "self": {"href": "/SAAS/jersey/manager/api/catalogitems/fd3f8b4b-21ec-4c80-91f0-4fca3788a645"}, "hw-license": {"href": "/SAAS/jersey/manager/api/catalogitems/fd3f8b4b-21ec-4c80-91f0-4fca3788a645/license"}, "hw-launch": {"href": "/SAAS/API/1.0/GET/apps/launch/app/fd3f8b4b-21ec-4c80-91f0-4fca3788a645"}, "hw-group-provision": {"href": "/SAAS/jersey/manager/api/provisioning/groupprovisioning/fd3f8b4b-21ec-4c80-91f0-4fca3788a645"}}, "items": [{"catalogItemId": "fd3f8b4b-21ec-4c80-91f0-4fca3788a645", "subjectType": "GROUPS", "subjectId": "60679a72-4304-43a7-934b-19a8cdf22193", "activationPolicy": "AUTOMATIC", "_links": {"hw-catalogItem": {"href": "/SAAS/jersey/manager/api/catalogitems/fd3f8b4b-21ec-4c80-91f0-4fca3788a645"}, "self": {"href": "/SAAS/jersey/manager/api/entitlements/definitions/catalogitems/fd3f8b4b-21ec-4c80-91f0-4fca3788a645/groups/60679a72-4304-43a7-934b-19a8cdf22193"}}}]}, {"uuid": "8e216efa-56ff-4af3-a66a-62e4fc52b3e4", "name": "A11Y Reporting", "description": null, "catalogItemType": "AnyApp", "labels": [], "visible": true, "internal": false, "_links": {"hw-icon": {"href": "/SAAS/horizon/images/resources/AnyApp_default_icon.png"}, "hw-approval": {"href": "/SAAS/jersey/manager/api/entitlements/definitions/catalogitems/8e216efa-56ff-4af3-a66a-62e4fc52b3e4/approval"}, "self": {"href": "/SAAS/jersey/manager/api/catalogitems/8e216efa-56ff-4af3-a66a-62e4fc52b3e4"}, "hw-license": {"href": "/SAAS/jersey/manager/api/catalogitems/8e216efa-56ff-4af3-a66a-62e4fc52b3e4/license"}, "hw-launch": {"href": "/SAAS/API/1.0/GET/apps/launch/app/8e216efa-56ff-4af3-a66a-62e4fc52b3e4"}, "hw-group-provision": {"href": "/SAAS/jersey/manager/api/provisioning/groupprovisioning/8e216efa-56ff-4af3-a66a-62e4fc52b3e4"}}, "items": [{"catalogItemId": "8e216efa-56ff-4af3-a66a-62e4fc52b3e4", "subjectType": "USERS", "subjectId": "73244233-5627-4bb5-a887-801a841cfc1e", "activationPolicy": "USER_ACTIVATED", "_links": {"hw-catalogItem": {"href": "/SAAS/jersey/manager/api/catalogitems/8e216efa-56ff-4af3-a66a-62e4fc52b3e4"}, "self": {"href": "/SAAS/jersey/manager/api/entitlements/definitions/catalogitems/8e216efa-56ff-4af3-a66a-62e4fc52b3e4/users/73244233-5627-4bb5-a887-801a841cfc1e"}}}, {"catalogItemId": "8e216efa-56ff-4af3-a66a-62e4fc52b3e4", "subjectType": "USERS", "subjectId": "6e1dd5fa-b925-4837-b393-33283868f79c", "activationPolicy": "USER_ACTIVATED", "_links": {"hw-catalogItem": {"href": "/SAAS/jersey/manager/api/catalogitems/8e216efa-56ff-4af3-a66a-62e4fc52b3e4"}, "self": {"href": "/SAAS/jersey/manager/api/entitlements/definitions/catalogitems/8e216efa-56ff-4af3-a66a-62e4fc52b3e4/users/6e1dd5fa-b925-4837-b393-33283868f79c"}}}]}]